round,loss,accuracy
1,0.26842756625084624,0.36073870194441976
2,0.20212849954257772,0.3632247181035248
3,0.19599890374728782,0.365000443931457
