heart_rate,steps,sleep,stress_level,spO2
0.12345000,0.23456000,0.34567000,0.45678000,0.56789000
