round,loss,accuracy
1,0.2689570925324761,0.34653289532096243
2,0.20396388346656943,0.3495516292284471
3,0.19823275335430093,0.3515049276391725
