round,loss,accuracy
1,0.2663659565914781,0.35212643167894875
2,0.20328954779306907,0.3546124478380538
3,0.19736411153058286,0.3564769599573826
