round,loss,accuracy
1,0.2685558203666341,0.354790020420847
2,0.2018561010490162,0.3569208914143656
3,0.19615238791967193,0.35834147207671135
