round,loss,accuracy
1,0.2615883377679423,0.3602059841960401
2,0.2002591790581304,0.362958359229335
3,0.19476066779669082,0.3651780165142502
